{"cfcfe6/g6te201eu":[-0.08628495407265274],"cfcfe6/g6tc54a":[-0.5120435274914723],"cfcfe6/g6tc54b":[-1.4036467379816275],"cfcfe6/g6te804eu":[1.7354414800285314],"cfcfe6/g6tc58a":[0.1341127398191504],"cfcfe6/g6te600eu":[-0.9344303231225684],"cfcfe6/g6te802eu":[-0.23827104405231447],"cfcfe6/g6aparentpowerpmu":[-0.509277777660746],"cfcfe6/g6tc58b":[54.16031851555442],"cfcfe6/g6te471eu":[-0.9006037790163001],"cfcfe6/g6frequencyhzeu":[-1.4588666198666131],"cfcfe6/g6hzcv":[-60.52874069485004],"cfcfe6/g6pmuu23":[1.0838577774092626],"cfcfe6/g6presssp":[1.3043365164442835],"cfcfe6/g6te700":[-0.49092719930251394],"cfcfe6/g6pressspmax":[-0.09309390351182933],"cfcfe6/g6enginestop":[true],"cfcfe6/g6pt601eu":[-38.258055374661076],"cfcfe6/g6fueloiloutflow":[1.114091047000252],"cfcfe6/g6te527":[1.304767399877467],"cfcfe6/g6reactivepowerpmu":[-4.652162387806872],"cfcfe6/g6te402eu":[-0.9194836289001515],"cfcfe6/g6tc53a":[3.5141526288851668],"cfcfe6/g6tc53b":[-0.5057398887908948],"cfcfe6/g6pmuil3":[3.271370168427233],"cfcfe6/g6pmuil2":[-7.487730168092383],"cfcfe6/g6tc57a":[1.219686353960563],"cfcfe6/g6pmuil1":[0.7676626671356869],"cfcfe6/g6tc57b":[-2.993827932242559],"cfcfe6/g6te482eu":[-0.8471361138727148],"cfcfe6/g6te101eu":[-1.5154178225389752],"cfcfe6/g6pmuu12":[-0.18323701624804],"cfcfe6/g6te120eu":[0.06765449949472135],"cfcfe6/g6speed":[1.8359253577787922],"cfcfe6/g6pt271eu":[-0.09819281991515794],"cfcfe6/g6pt401eu":[1.774511604873919],"t_stamp":[1728005161813],"cfcfe6/g6fueloilinflow":[-0.6134368640867249],"cfcfe6/g6st528eu":[-0.760626324548411],"cfcfe6/g6actuatorout":[1.5273776843515317],"cfcfe6/g6te517":[0.03525307016729862],"cfcfe6/g6kwsp":[-0.15939985452037464],"cfcfe6/g6tc52a":[-1.079117571851423],"cfcfe6/g6tc52b":[0.7437158768082087],"cfcfe6/g6te805eu":[-0.21988283408796594],"cfcfe6/g6pt700eu":[-1.8063959160102725],"cfcfe6/g6te432eu":[1.4106990437614935],"cfcfe6/g6te601eu":[-1.0731416480275746],"cfcfe6/g6te803eu":[15.446339871292642],"cfcfe6/g6pt301eu":[-1.3283897097564052],"cfcfe6/g6tc56a":[1.2889953101209457],"cfcfe6/g6tc56b":[2.6039746905306687],"cfcfe6/g6te801eu":[-2.3580245414532106],"cfcfe6/g6pt201eu":[-0.9997228985783554],"cfcfe6/g6tc510b":[-0.7517106893893288],"cfcfe6/g6te521":[2.2130745172337494],"cfcfe6/g6pf":[0.18625259147479972],"cfcfe6/g6pt471eu":[0.30675093582158713],"cfcfe6/g6avgcyltmp":[-1.4459340121567168],"cfcfe6/g6pt281eu":[0.556502861801093],"cfcfe6/g6tc510a":[-1.746763006207755],"cfcfe6/g6pt311eu":[-0.45632690454036345],"cfcfe6/g6te705":[-3.5194905338468856],"cfcfe6/g6te706":[-1.1911852895610429],"cfcfe6/g6te707":[-1.6780015638489436],"cfcfe6/g6st518eu":[-0.9980961196634844],"cfcfe6/g6tc59a":[0.31060728449786357],"cfcfe6/g6te708":[-50.017385560222195],"cfcfe6/g6te701":[-1.211732346238119],"cfcfe6/g6te702":[-0.21294686005381486],"cfcfe6/g6te703":[-0.99261282306532],"cfcfe6/g6te704":[-0.3689008623978578],"cfcfe6/g6tc55b":[0.33607194513021815],"cfcfe6/g6te403eu":[-6.149860330720062],"cfcfe6/g6tc51a":[0.04810489225847675],"cfcfe6/g6te401eu":[-0.46210178323832296],"cfcfe6/g6pt101eu":[1.017447666838279],"cfcfe6/g6tc59b":[0.17965861427949292],"cfcfe6/g6te709":[-1.4076107019868846],"cfcfe6/g6pressspmin":[0.28197839784758333],"cfcfe6/g6tc55a":[-4.720882972034179],"cfcfe6/g6pmuu31":[-10.079989225825244],"cfcfe6/g6tc51b":[1.1671621173831626],"cfcfe6/g6te121eu":[-0.8632585510021823],"cfcfe6/g6te511":[1.134530036293738],"cfcfe6/g6te710":[-0.7366198221489292],"cfcfe6/g6te711":[1.2046988069079116],"cfcfe6/g6loadkweu":[-1.2787223332234556],"cfcfe6/g6fueloilcomsum":[17.45724245593125]}