{"cfcfe6/g6te201eu":[0.18315534274771442],"cfcfe6/g6tc54a":[-0.9553120278930443],"cfcfe6/g6tc54b":[0.9448986336414436],"cfcfe6/g6te804eu":[-2.6656130925686643],"cfcfe6/g6tc58a":[-1.370108595252983],"cfcfe6/g6te600eu":[0.21588451576953244],"cfcfe6/g6te802eu":[0.6232427516078775],"cfcfe6/g6aparentpowerpmu":[-0.43553066277190344],"cfcfe6/g6tc58b":[59.752727360474466],"cfcfe6/g6te471eu":[0.9356664651966293],"cfcfe6/g6frequencyhzeu":[-1.5533064324470636],"cfcfe6/g6hzcv":[-65.15208891683679],"cfcfe6/g6pmuu23":[0.22298414171559933],"cfcfe6/g6presssp":[0.12078783625367207],"cfcfe6/g6te700":[0.35339622134243953],"cfcfe6/g6pressspmax":[-0.9000682773089707],"cfcfe6/g6enginestop":[false],"cfcfe6/g6pt601eu":[-41.770246254631466],"cfcfe6/g6fueloiloutflow":[0.17344787350850221],"cfcfe6/g6te527":[3.6026832766680865],"cfcfe6/g6reactivepowerpmu":[-5.363688571049936],"cfcfe6/g6te402eu":[0.5399276329976379],"cfcfe6/g6tc53a":[6.381037356427002],"cfcfe6/g6tc53b":[-1.557274247710932],"cfcfe6/g6pmuil3":[1.0317698869974596],"cfcfe6/g6pmuil2":[-11.9438290579107],"cfcfe6/g6tc57a":[-0.9311129676299061],"cfcfe6/g6pmuil1":[-0.34629543898557613],"cfcfe6/g6tc57b":[1.9043555931624274],"cfcfe6/g6te482eu":[-0.14661495108457745],"cfcfe6/g6te101eu":[1.702757019859693],"cfcfe6/g6pmuu12":[-0.8113022785982167],"cfcfe6/g6te120eu":[-3.4337452690919283],"cfcfe6/g6speed":[-0.6732136064508363],"cfcfe6/g6pt271eu":[-0.8080027898915708],"cfcfe6/g6pt401eu":[0.2623263861718592],"t_stamp":[1728005160801],"cfcfe6/g6fueloilinflow":[0.8003997839261301],"cfcfe6/g6st528eu":[0.9111210125150392],"cfcfe6/g6actuatorout":[-1.4885307750772285],"cfcfe6/g6te517":[-1.628674859368868],"cfcfe6/g6kwsp":[0.6906822437178984],"cfcfe6/g6tc52a":[1.7524388110752276],"cfcfe6/g6tc52b":[-1.5748962551178598],"cfcfe6/g6te805eu":[-1.4482499479914048],"cfcfe6/g6pt700eu":[-1.0239317682845883],"cfcfe6/g6te432eu":[1.0915092058011961],"cfcfe6/g6te601eu":[1.3567634235146662],"cfcfe6/g6te803eu":[20.28578126707415],"cfcfe6/g6pt301eu":[-0.019282531272825254],"cfcfe6/g6tc56a":[-1.5880933389822334],"cfcfe6/g6tc56b":[4.184102269064181],"cfcfe6/g6te801eu":[0.4829247594505024],"cfcfe6/g6pt201eu":[1.1326802910497222],"cfcfe6/g6tc510b":[0.9392539483649104],"cfcfe6/g6te521":[1.1324106409095078],"cfcfe6/g6pf":[0.19308155648955544],"cfcfe6/g6pt471eu":[0.7064693722950064],"cfcfe6/g6avgcyltmp":[-1.1923266421889065],"cfcfe6/g6pt281eu":[-1.1309923449573906],"cfcfe6/g6tc510a":[1.6716814880202802],"cfcfe6/g6pt311eu":[0.7501193253544917],"cfcfe6/g6te705":[-4.040642009187928],"cfcfe6/g6te706":[-3.6770800782947273],"cfcfe6/g6te707":[2.143905388311496],"cfcfe6/g6st518eu":[-2.8137523431974296],"cfcfe6/g6tc59a":[0.9662683819385722],"cfcfe6/g6te708":[-0.5730927042746454],"cfcfe6/g6te701":[-0.0763392943711605],"cfcfe6/g6te702":[0.6824199817608556],"cfcfe6/g6te703":[0.51928511675345],"cfcfe6/g6te704":[0.3483597703753625],"cfcfe6/g6tc55b":[-0.14945496349058657],"cfcfe6/g6te403eu":[-6.755381315018664],"cfcfe6/g6tc51a":[2.2266569080897574],"cfcfe6/g6te401eu":[0.06164571980156591],"cfcfe6/g6pt101eu":[1.0548019215893139],"cfcfe6/g6tc59b":[-0.6697387701375902],"cfcfe6/g6te709":[1.3210542941583099],"cfcfe6/g6pressspmin":[-0.232284540694761],"cfcfe6/g6tc55a":[-9.651816452229095],"cfcfe6/g6pmuu31":[-8.479553711525154],"cfcfe6/g6tc51b":[-1.7698794408096776],"cfcfe6/g6te121eu":[0.5813353854342884],"cfcfe6/g6te511":[-0.6384221781331941],"cfcfe6/g6te710":[-0.5774421019447685],"cfcfe6/g6te711":[0.11433126479024058],"cfcfe6/g6loadkweu":[1.2642667040769022],"cfcfe6/g6fueloilcomsum":[13.34915608630684]}